step,timestamp,actual_demand,lstm_forecast,reactive_servers,lstm_servers,reactive_capacity,lstm_capacity,reactive_sla_violation,lstm_sla_violation,reactive_over_prov,lstm_over_prov,reactive_action,lstm_action,reactive_cum_sla_pct,lstm_cum_sla_pct,reactive_cum_cost,lstm_cum_cost
0,2026-08-26 01:14:26,132.78404,147.9978,2,2,160.0,160.0,0,0,0,0,hold,hold,0.0,0.0,0.0,0.0
1,2026-08-26 01:19:26,123.9904,141.43584,2,3,160.0,240.0,0,0,0,0,hold,scale_up +1,0.0,0.0,0.0,0.0
2,2026-08-26 01:24:26,126.628494,133.24261,2,2,160.0,160.0,0,0,0,0,hold,scale_down -1,0.0,0.0,0.0,0.0
3,2026-08-26 01:29:26,149.05229,128.51068,2,2,160.0,160.0,0,0,0,0,hold,hold,0.0,0.0,0.0,0.0
4,2026-08-26 01:34:26,121.87993,133.1982,2,2,160.0,160.0,0,0,0,0,hold,hold,0.0,0.0,0.0,0.0
5,2026-08-26 01:39:26,121.87993,129.01112,2,2,160.0,160.0,0,0,0,0,hold,hold,0.0,0.0,0.0,0.0
6,2026-08-26 01:44:26,103.765015,124.99881,2,2,160.0,160.0,0,0,0,0,hold,hold,0.0,0.0,0.0,0.0
7,2026-08-26 01:49:26,114.75708,117.02983,2,2,160.0,160.0,0,0,0,0,hold,hold,0.0,0.0,0.0,0.0
8,2026-08-26 01:54:26,120.472946,114.498,2,2,160.0,160.0,0,0,0,0,hold,hold,0.0,0.0,0.0,0.0
9,2026-08-26 01:59:26,112.38279,115.32255,2,2,160.0,160.0,0,0,0,0,hold,hold,0.0,0.0,0.0,0.0
10,2026-08-26 02:04:26,117.39517,113.939415,2,2,160.0,160.0,0,0,0,0,hold,hold,0.0,0.0,0.0,0.0
11,2026-08-26 02:09:26,113.43803,114.50946,2,2,160.0,160.0,0,0,0,0,hold,hold,0.0,0.0,0.0,0.0
12,2026-08-26 02:14:26,135.2023,113.923256,2,2,160.0,160.0,0,0,0,0,hold,hold,0.0,0.0,0.0,0.0
13,2026-08-26 02:19:26,121.792,120.08215,2,2,160.0,160.0,0,0,0,0,hold,hold,0.0,0.0,0.0,0.0
14,2026-08-26 02:24:26,140.47849,121.04257,2,2,160.0,160.0,0,0,0,0,hold,hold,0.0,0.0,0.0,0.0
15,2026-08-26 02:29:26,129.26659,126.70514,2,2,160.0,160.0,0,0,0,0,hold,hold,0.0,0.0,0.0,0.0
16,2026-08-26 02:34:26,139.15944,127.683266,2,2,160.0,160.0,0,0,0,0,hold,hold,0.0,0.0,0.0,0.0
17,2026-08-26 02:39:26,148.61261,130.69705,2,2,160.0,160.0,0,0,0,0,hold,hold,0.0,0.0,0.0,0.0
18,2026-08-26 02:44:26,128.60707,136.06285,2,2,160.0,160.0,0,0,0,0,hold,hold,0.0,0.0,0.0,0.0
19,2026-08-26 02:49:26,145.75468,133.14212,2,2,160.0,160.0,0,0,0,0,hold,hold,0.0,0.0,0.0,0.0
20,2026-08-26 02:54:26,152.63257,135.83813,2,2,160.0,160.0,0,0,0,0,hold,hold,0.0,0.0,0.0,0.0
21,2026-08-26 02:59:26,131.02533,140.43785,3,2,240.0,160.0,0,0,0,0,scale_up +1,hold,0.0,0.0,0.0,0.0
22,2026-08-26 03:04:26,131.90468,136.66177,3,3,240.0,240.0,0,0,0,0,hold,scale_up +1,0.0,0.0,0.0,0.0
23,2026-08-26 03:09:26,139.81897,133.27846,3,2,240.0,160.0,0,0,0,0,hold,scale_down -1,0.0,0.0,0.0,0.0
24,2026-08-26 03:14:26,148.39278,133.57336,3,2,240.0,160.0,0,0,0,0,hold,hold,0.0,0.0,0.0,0.0
25,2026-08-26 03:19:26,149.84372,137.33386,3,2,240.0,160.0,0,0,0,0,hold,hold,0.0,0.0,0.0,0.0
26,2026-08-26 03:24:26,131.90468,140.65173,3,3,240.0,240.0,0,0,0,0,hold,scale_up +1,0.0,0.0,0.0,0.0
27,2026-08-26 03:29:26,129.26659,136.7618,3,2,240.0,160.0,0,0,0,0,hold,scale_down -1,0.0,0.0,0.0,0.0
28,2026-08-26 03:34:26,127.50786,132.59615,3,2,240.0,160.0,0,0,0,0,hold,hold,0.0,0.0,0.0,0.0
29,2026-08-26 03:39:26,103.765015,129.13017,3,2,240.0,160.0,0,0,1,0,hold,hold,0.0,0.0,0.03333333333333333,0.0
30,2026-08-26 03:44:26,108.16184,119.519,3,2,240.0,160.0,0,0,1,0,hold,hold,0.0,0.0,0.06451612903225806,0.0
31,2026-08-26 03:49:26,107.50232,113.751686,3,2,240.0,160.0,0,0,1,0,hold,hold,0.0,0.0,0.09375,0.0
32,2026-08-26 03:54:26,126.628494,110.31812,3,2,240.0,160.0,0,0,0,0,hold,hold,0.0,0.0,0.09090909090909091,0.0
33,2026-08-26 03:59:26,131.465,114.28572,3,2,240.0,160.0,0,0,0,0,hold,hold,0.0,0.0,0.08823529411764706,0.0
34,2026-08-26 04:04:26,109.92058,119.76073,3,2,240.0,160.0,0,0,1,0,hold,hold,0.0,0.0,0.11428571428571428,0.0
35,2026-08-26 04:09:26,104.996124,117.165016,3,2,240.0,160.0,0,0,1,0,hold,hold,0.0,0.0,0.1388888888888889,0.0
36,2026-08-26 04:14:26,98.92851,112.890915,3,2,240.0,160.0,0,0,1,0,hold,hold,0.0,0.0,0.16216216216216217,0.0
37,2026-08-26 04:19:26,102.006294,107.780754,3,2,240.0,160.0,0,0,1,0,hold,hold,0.0,0.0,0.18421052631578946,0.0
38,2026-08-26 04:24:26,130.58563,105.11427,3,2,240.0,160.0,0,0,0,0,hold,hold,0.0,0.0,0.1794871794871795,0.0
39,2026-08-26 04:29:26,125.04565,111.913345,3,2,240.0,160.0,0,0,0,0,hold,hold,0.0,0.0,0.175,0.0
40,2026-08-26 04:34:26,106.40311,116.70645,3,2,240.0,160.0,0,0,1,0,hold,hold,0.0,0.0,0.1951219512195122,0.0
41,2026-08-26 04:39:26,112.7785,114.24916,3,2,240.0,160.0,0,0,1,0,hold,hold,0.0,0.0,0.21428571428571427,0.0
42,2026-08-26 04:44:26,102.88566,113.230125,3,2,240.0,160.0,0,0,1,0,hold,hold,0.0,0.0,0.23255813953488372,0.0
43,2026-08-26 04:49:26,101.566605,109.787575,3,2,240.0,160.0,0,0,1,0,hold,hold,0.0,0.0,0.25,0.0
44,2026-08-26 04:54:26,115.19676,106.668335,3,2,240.0,160.0,0,0,1,0,hold,hold,0.0,0.0,0.26666666666666666,0.0
45,2026-08-26 04:59:26,115.4166,108.34934,3,2,240.0,160.0,0,0,1,0,hold,hold,0.0,0.0,0.2826086956521739,0.0
46,2026-08-26 05:04:26,103.54518,110.58441,3,2,240.0,160.0,0,0,1,0,hold,hold,0.0,0.0,0.2978723404255319,0.0
47,2026-08-26 05:09:26,85.738045,108.91238,2,2,160.0,160.0,0,0,0,0,scale_down -1,hold,0.0,0.0,0.2916666666666667,0.0
48,2026-08-26 05:14:26,114.75708,101.94382,2,2,160.0,160.0,0,0,0,0,hold,hold,0.0,0.0,0.2857142857142857,0.0
49,2026-08-26 05:19:26,119.844826,104.57446,2,2,160.0,160.0,0,0,0,0,hold,hold,0.0,0.0,0.28,0.0
50,2026-08-26 05:24:26,146.4142,109.553116,2,2,160.0,160.0,0,0,0,0,hold,hold,0.0,0.0,0.27450980392156865,0.0
51,2026-08-26 05:29:26,118.054695,121.414,2,2,160.0,160.0,0,0,0,0,hold,hold,0.0,0.0,0.2692307692307692,0.0
52,2026-08-26 05:34:26,100.247574,121.87865,2,2,160.0,160.0,0,0,0,0,hold,hold,0.0,0.0,0.2641509433962264,0.0
53,2026-08-26 05:39:26,97.60947,115.06984,2,2,160.0,160.0,0,0,0,0,hold,hold,0.0,0.0,0.25925925925925924,0.0
54,2026-08-26 05:44:26,101.830414,108.62015,2,2,160.0,160.0,0,0,0,0,hold,hold,0.0,0.0,0.2545454545454545,0.0
55,2026-08-26 05:49:26,118.71422,105.20597,2,2,160.0,160.0,0,0,0,0,hold,hold,0.0,0.0,0.25,0.0
56,2026-08-26 05:54:26,105.52375,108.394806,2,2,160.0,160.0,0,0,0,0,hold,hold,0.0,0.0,0.24561403508771928,0.0
57,2026-08-26 05:59:26,99.11695,107.78324,2,2,160.0,160.0,0,0,0,0,hold,hold,0.0,0.0,0.2413793103448276,0.0
58,2026-08-26 06:04:26,89.695175,105.3033,2,2,160.0,160.0,0,0,0,0,hold,hold,0.0,0.0,0.23728813559322035,0.0
59,2026-08-26 06:09:26,131.02533,100.67352,2,2,160.0,160.0,0,0,0,0,hold,hold,0.0,0.0,0.23333333333333334,0.0
60,2026-08-26 06:14:26,110.79993,108.80711,2,2,160.0,160.0,0,0,0,0,hold,hold,0.0,0.0,0.22950819672131148,0.0
61,2026-08-26 06:19:26,115.4166,110.77243,2,2,160.0,160.0,0,0,0,0,hold,hold,0.0,0.0,0.22580645161290322,0.0
62,2026-08-26 06:24:26,112.55867,112.35662,2,2,160.0,160.0,0,0,0,0,hold,hold,0.0,0.0,0.2222222222222222,0.0
63,2026-08-26 06:29:26,111.55367,112.60857,2,2,160.0,160.0,0,0,0,0,hold,hold,0.0,0.0,0.21875,0.0
64,2026-08-26 06:34:26,98.48883,112.22243,2,2,160.0,160.0,0,0,0,0,hold,hold,0.0,0.0,0.2153846153846154,0.0
65,2026-08-26 06:39:26,118.71422,108.03819,2,2,160.0,160.0,0,0,0,0,hold,hold,0.0,0.0,0.21212121212121213,0.0
66,2026-08-26 06:44:26,110.36025,110.10722,2,2,160.0,160.0,0,0,0,0,hold,hold,0.0,0.0,0.208955223880597,0.0
67,2026-08-26 06:49:26,115.02089,110.439095,2,2,160.0,160.0,0,0,0,0,hold,hold,0.0,0.0,0.20588235294117646,0.0
68,2026-08-26 06:54:26,105.52375,111.70375,2,2,160.0,160.0,0,0,0,0,hold,hold,0.0,0.0,0.2028985507246377,0.0
69,2026-08-26 06:59:26,106.18327,109.939415,2,2,160.0,160.0,0,0,0,0,hold,hold,0.0,0.0,0.2,0.0
70,2026-08-26 07:04:26,145.09515,108.44332,2,2,160.0,160.0,0,0,0,0,hold,hold,0.0,0.0,0.19718309859154928,0.0
71,2026-08-26 07:09:26,134.54279,119.136856,2,2,160.0,160.0,0,0,0,0,hold,hold,0.0,0.0,0.19444444444444445,0.0
72,2026-08-26 07:14:26,118.71422,125.125725,2,2,160.0,160.0,0,0,0,0,hold,hold,0.0,0.0,0.1917808219178082,0.0
73,2026-08-26 07:19:26,120.033264,123.566345,2,2,160.0,160.0,0,0,0,0,hold,hold,0.0,0.0,0.1891891891891892,0.0
74,2026-08-26 07:24:26,112.7785,121.612144,2,2,160.0,160.0,0,0,0,0,hold,hold,0.0,0.0,0.18666666666666668,0.0
75,2026-08-26 07:29:26,139.81897,118.00962,2,2,160.0,160.0,0,0,0,0,hold,hold,0.0,0.0,0.18421052631578946,0.0
76,2026-08-26 07:34:26,94.971375,123.61272,2,2,160.0,160.0,0,0,0,0,hold,hold,0.0,0.0,0.18181818181818182,0.0
77,2026-08-26 07:39:26,96.29042,114.733185,2,2,160.0,160.0,0,0,0,0,hold,hold,0.0,0.0,0.1794871794871795,0.0
78,2026-08-26 07:44:26,118.71422,107.524155,2,2,160.0,160.0,0,0,0,0,hold,hold,0.0,0.0,0.17721518987341772,0.0
79,2026-08-26 07:49:26,99.25828,109.38154,2,2,160.0,160.0,0,0,0,0,hold,hold,0.0,0.0,0.175,0.0
80,2026-08-26 07:54:26,109.92058,106.52274,2,2,160.0,160.0,0,0,0,0,hold,hold,0.0,0.0,0.1728395061728395,0.0
81,2026-08-26 07:59:26,115.19676,107.057785,2,2,160.0,160.0,0,0,0,0,hold,hold,0.0,0.0,0.17073170731707318,0.0
82,2026-08-26 08:04:26,116.076126,109.27189,2,2,160.0,160.0,0,0,0,0,hold,hold,0.0,0.0,0.1686746987951807,0.0
83,2026-08-26 08:09:26,137.18088,111.85871,2,2,160.0,160.0,0,0,0,0,hold,hold,0.0,0.0,0.16666666666666666,0.0
84,2026-08-26 08:14:26,131.02533,119.854454,2,2,160.0,160.0,0,0,0,0,hold,hold,0.0,0.0,0.16470588235294117,0.0
85,2026-08-26 08:19:26,122.01183,124.0673,2,2,160.0,160.0,0,0,0,0,hold,hold,0.0,0.0,0.16279069767441862,0.0
86,2026-08-26 08:24:26,105.52375,123.68146,2,2,160.0,160.0,0,0,0,0,hold,hold,0.0,0.0,0.16091954022988506,0.0
87,2026-08-26 08:29:26,121.35232,117.3966,2,2,160.0,160.0,0,0,0,0,hold,hold,0.0,0.0,0.1590909090909091,0.0
88,2026-08-26 08:34:26,121.35232,117.04133,2,2,160.0,160.0,0,0,0,0,hold,hold,0.0,0.0,0.15730337078651685,0.0
89,2026-08-26 08:39:26,116.076126,117.720764,2,2,160.0,160.0,0,0,0,0,hold,hold,0.0,0.0,0.15555555555555556,0.0
90,2026-08-26 08:44:26,108.16184,116.673256,2,2,160.0,160.0,0,0,0,0,hold,hold,0.0,0.0,0.15384615384615385,0.0
91,2026-08-26 08:49:26,109.21709,113.48668,2,2,160.0,160.0,0,0,0,0,hold,hold,0.0,0.0,0.15217391304347827,0.0
92,2026-08-26 08:54:26,123.111046,111.382866,2,2,160.0,160.0,0,0,0,0,hold,hold,0.0,0.0,0.15053763440860216,0.0
93,2026-08-26 08:59:26,109.04121,114.34957,2,2,160.0,160.0,0,0,0,0,hold,hold,0.0,0.0,0.14893617021276595,0.0
94,2026-08-26 09:04:26,99.71994,112.835045,2,2,160.0,160.0,0,0,0,0,hold,hold,0.0,0.0,0.14736842105263157,0.0
95,2026-08-26 09:09:26,102.88566,108.48241,2,2,160.0,160.0,0,0,0,0,hold,hold,0.0,0.0,0.14583333333333334,0.0
96,2026-08-26 09:14:26,109.04121,106.026634,2,2,160.0,160.0,0,0,0,0,hold,hold,0.0,0.0,0.14432989690721648,0.0
97,2026-08-26 09:19:26,135.59802,106.482544,2,2,160.0,160.0,0,0,0,0,hold,hold,0.0,0.0,0.14285714285714285,0.0
98,2026-08-26 09:24:26,94.971375,115.13791,2,2,160.0,160.0,0,0,0,0,hold,hold,0.0,0.0,0.1414141414141414,0.0
99,2026-08-26 09:29:26,108.16184,110.239456,2,2,160.0,160.0,0,0,0,0,hold,hold,0.0,0.0,0.14,0.0
100,2026-08-26 09:34:26,84.419,108.848526,2,2,160.0,160.0,0,0,0,0,hold,hold,0.0,0.0,0.13861386138613863,0.0
101,2026-08-26 09:39:26,89.695175,101.589615,2,2,160.0,160.0,0,0,0,0,hold,hold,0.0,0.0,0.13725490196078433,0.0
102,2026-08-26 09:44:26,98.92851,97.191025,2,2,160.0,160.0,0,0,0,0,hold,hold,0.0,0.0,0.13592233009708737,0.0
103,2026-08-26 09:49:26,79.80234,97.16614,2,2,160.0,160.0,0,0,1,1,hold,hold,0.0,0.0,0.14423076923076922,0.009615384615384616
104,2026-08-26 09:54:26,96.7301,92.65254,2,2,160.0,160.0,0,0,0,0,hold,hold,0.0,0.0,0.14285714285714285,0.009523809523809525
105,2026-08-26 09:59:26,92.33328,93.796715,2,2,160.0,160.0,0,0,0,0,hold,hold,0.0,0.0,0.14150943396226415,0.009433962264150943
106,2026-08-26 10:04:26,96.29042,94.18963,2,2,160.0,160.0,0,0,0,0,hold,hold,0.0,0.0,0.14018691588785046,0.009345794392523364
107,2026-08-26 10:09:26,103.54518,95.70301,2,2,160.0,160.0,0,0,0,0,hold,hold,0.0,0.0,0.1388888888888889,0.009259259259259259
108,2026-08-26 10:14:26,105.52375,98.79804,2,2,160.0,160.0,0,0,0,0,hold,hold,0.0,0.0,0.13761467889908258,0.009174311926605505
109,2026-08-26 10:19:26,87.05709,101.72343,2,2,160.0,160.0,0,0,0,0,hold,hold,0.0,0.0,0.13636363636363635,0.00909090909090909
110,2026-08-26 10:24:26,91.67376,98.72443,2,2,160.0,160.0,0,0,0,0,hold,hold,0.0,0.0,0.13513513513513514,0.009009009009009009
111,2026-08-26 10:29:26,91.67376,96.64831,2,2,160.0,160.0,0,0,0,0,hold,hold,0.0,0.0,0.13392857142857142,0.008928571428571428
112,2026-08-26 10:34:26,85.29836,95.44058,2,2,160.0,160.0,0,0,0,0,hold,hold,0.0,0.0,0.13274336283185842,0.008849557522123894
113,2026-08-26 10:39:26,89.2555,93.026306,2,2,160.0,160.0,0,0,0,0,hold,hold,0.0,0.0,0.13157894736842105,0.008771929824561403
114,2026-08-26 10:44:26,83.759476,92.197395,2,2,160.0,160.0,0,0,0,0,hold,hold,0.0,0.0,0.13043478260869565,0.008695652173913044
115,2026-08-26 10:49:26,73.86662,90.492744,2,2,160.0,160.0,0,0,1,1,hold,hold,0.0,0.0,0.13793103448275862,0.017241379310344827
116,2026-08-26 10:54:26,80.46186,86.75955,2,2,160.0,160.0,0,0,0,0,hold,hold,0.0,0.0,0.13675213675213677,0.017094017094017096
117,2026-08-26 10:59:26,88.37614,85.39212,2,2,160.0,160.0,0,0,0,0,hold,hold,0.0,0.0,0.13559322033898305,0.01694915254237288
118,2026-08-26 11:04:26,110.79993,86.98574,2,2,160.0,160.0,0,0,0,0,hold,hold,0.0,0.0,0.13445378151260504,0.01680672268907563
119,2026-08-26 11:09:26,84.419,94.80156,2,2,160.0,160.0,0,0,0,0,hold,hold,0.0,0.0,0.13333333333333333,0.016666666666666666
120,2026-08-26 11:14:26,93.65233,94.26256,2,2,160.0,160.0,0,0,0,0,hold,hold,0.0,0.0,0.1322314049586777,0.01652892561983471
121,2026-08-26 11:19:26,103.765015,94.87879,2,2,160.0,160.0,0,0,0,0,hold,hold,0.0,0.0,0.13114754098360656,0.01639344262295082
122,2026-08-26 11:24:26,114.09755,98.247696,2,2,160.0,160.0,0,0,0,0,hold,hold,0.0,0.0,0.13008130081300814,0.016260162601626018
123,2026-08-26 11:29:26,98.48883,103.89745,2,2,160.0,160.0,0,0,0,0,hold,hold,0.0,0.0,0.12903225806451613,0.016129032258064516
124,2026-08-26 11:34:26,98.66471,103.69618,2,2,160.0,160.0,0,0,0,0,hold,hold,0.0,0.0,0.128,0.016
125,2026-08-26 11:39:26,104.204704,102.40188,2,2,160.0,160.0,0,0,0,0,hold,hold,0.0,0.0,0.12698412698412698,0.015873015873015872
126,2026-08-26 11:44:26,87.05709,103.13199,2,2,160.0,160.0,0,0,0,0,hold,hold,0.0,0.0,0.12598425196850394,0.015748031496062992
127,2026-08-26 11:49:26,131.90468,98.97295,2,2,160.0,160.0,0,0,0,0,hold,hold,0.0,0.0,0.125,0.015625
128,2026-08-26 11:54:26,131.90468,107.90307,2,2,160.0,160.0,0,0,0,0,hold,hold,0.0,0.0,0.12403100775193798,0.015503875968992248
129,2026-08-26 11:59:26,119.844826,116.55335,2,2,160.0,160.0,0,0,0,0,hold,hold,0.0,0.0,0.12307692307692308,0.015384615384615385
130,2026-08-26 12:04:26,72.811386,118.94212,2,2,160.0,160.0,0,0,1,1,hold,hold,0.0,0.0,0.1297709923664122,0.022900763358778626
131,2026-08-26 12:09:26,91.27804,105.48487,2,2,160.0,160.0,0,0,0,0,hold,hold,0.0,0.0,0.12878787878787878,0.022727272727272728
132,2026-08-26 12:14:26,121.35232,99.226204,2,2,160.0,160.0,0,0,0,0,hold,hold,0.0,0.0,0.12781954887218044,0.022556390977443608
133,2026-08-26 12:19:26,89.695175,104.59501,2,2,160.0,160.0,0,0,0,0,hold,hold,0.0,0.0,0.12686567164179105,0.022388059701492536
134,2026-08-26 12:24:26,95.6309,101.116455,2,2,160.0,160.0,0,0,0,0,hold,hold,0.0,0.0,0.1259259259259259,0.022222222222222223
135,2026-08-26 12:29:26,92.33328,99.213486,2,2,160.0,160.0,0,0,0,0,hold,hold,0.0,0.0,0.125,0.022058823529411766
136,2026-08-26 12:34:26,86.177734,97.32817,2,2,160.0,160.0,0,0,0,0,hold,hold,0.0,0.0,0.12408759124087591,0.021897810218978103
137,2026-08-26 12:39:26,104.64439,94.732895,2,2,160.0,160.0,0,0,0,0,hold,hold,0.0,0.0,0.12318840579710146,0.021739130434782608
138,2026-08-26 12:44:26,84.419,97.50073,2,2,160.0,160.0,0,0,0,0,hold,hold,0.0,0.0,0.1223021582733813,0.02158273381294964
139,2026-08-26 12:49:26,93.65233,94.716705,2,2,160.0,160.0,0,0,0,0,hold,hold,0.0,0.0,0.12142857142857143,0.02142857142857143
140,2026-08-26 12:54:26,89.695175,94.74755,2,2,160.0,160.0,0,0,0,0,hold,hold,0.0,0.0,0.12056737588652482,0.02127659574468085
141,2026-08-26 12:59:26,109.48089,93.99971,2,2,160.0,160.0,0,0,0,0,hold,hold,0.0,0.0,0.11971830985915492,0.02112676056338028
142,2026-08-26 13:04:26,109.48089,98.82659,2,2,160.0,160.0,0,0,0,0,hold,hold,0.0,0.0,0.11888111888111888,0.02097902097902098
143,2026-08-26 13:09:26,80.46186,103.29668,2,2,160.0,160.0,0,0,0,0,hold,hold,0.0,0.0,0.11805555555555555,0.020833333333333332
144,2026-08-26 13:14:26,103.41328,97.97659,2,2,160.0,160.0,0,0,0,0,hold,hold,0.0,0.0,0.11724137931034483,0.020689655172413793
145,2026-08-26 13:19:26,92.33328,99.17107,2,2,160.0,160.0,0,0,0,0,hold,hold,0.0,0.0,0.11643835616438356,0.02054794520547945
146,2026-08-26 13:24:26,68.59044,97.85692,2,2,160.0,160.0,0,0,1,1,hold,hold,0.0,0.0,0.12244897959183673,0.027210884353741496
147,2026-08-26 13:29:26,69.24996,90.246284,2,2,160.0,160.0,0,0,1,1,hold,hold,0.0,0.0,0.12837837837837837,0.033783783783783786
148,2026-08-26 13:34:26,69.11805,83.99198,2,2,160.0,160.0,0,0,1,1,hold,hold,0.0,0.0,0.1342281879194631,0.040268456375838924
149,2026-08-26 13:39:26,70.17329,79.96534,2,2,160.0,160.0,0,0,1,1,hold,hold,0.0,0.0,0.14,0.04666666666666667
150,2026-08-26 13:44:26,111.6793,78.1574,2,2,160.0,160.0,0,0,0,0,hold,hold,0.0,0.0,0.1390728476821192,0.046357615894039736
151,2026-08-26 13:49:26,90.57455,87.70383,2,2,160.0,160.0,0,0,0,0,hold,hold,0.0,0.0,0.13815789473684212,0.046052631578947366
152,2026-08-26 13:54:26,80.72566,91.57198,2,2,160.0,160.0,0,0,0,0,hold,hold,0.0,0.0,0.13725490196078433,0.0457516339869281
153,2026-08-26 13:59:26,93.65233,90.681885,2,2,160.0,160.0,0,0,0,0,hold,hold,0.0,0.0,0.13636363636363635,0.045454545454545456
154,2026-08-26 14:04:26,70.56901,92.34606,2,2,160.0,160.0,0,0,1,1,hold,hold,0.0,0.0,0.14193548387096774,0.05161290322580645
155,2026-08-26 14:09:26,87.05709,87.790596,2,2,160.0,160.0,0,0,0,0,hold,hold,0.0,0.0,0.14102564102564102,0.05128205128205128
156,2026-08-26 14:14:26,83.36376,87.760254,2,2,160.0,160.0,0,0,0,0,hold,hold,0.0,0.0,0.14012738853503184,0.050955414012738856
157,2026-08-26 14:19:26,55.399963,87.30529,1,2,80.0,160.0,0,0,0,1,scale_down -1,hold,0.0,0.0,0.13924050632911392,0.056962025316455694
158,2026-08-26 14:24:26,66.83171,80.18672,1,2,80.0,160.0,0,0,0,1,hold,hold,0.0,0.0,0.13836477987421383,0.06289308176100629
159,2026-08-26 14:29:26,58.565678,76.84022,1,2,80.0,160.0,0,0,0,1,hold,hold,0.0,0.0,0.1375,0.06875
160,2026-08-26 14:34:26,52.761875,73.082275,1,2,80.0,160.0,0,0,0,1,hold,hold,0.0,0.0,0.13664596273291926,0.07453416149068323
161,2026-08-26 14:39:26,64.63329,69.296486,1,2,80.0,160.0,0,0,0,1,hold,hold,0.0,0.0,0.13580246913580246,0.08024691358024691
162,2026-08-26 14:44:26,103.765015,69.215004,1,1,80.0,80.0,1,1,0,0,hold,scale_down -1,0.6134969325153374,0.6134969325153374,0.1656441717791411,0.11042944785276074
163,2026-08-26 14:49:26,72.98726,79.73276,2,1,160.0,80.0,0,0,1,0,scale_up +1,hold,0.6097560975609756,0.6097560975609756,0.17073170731707318,0.10975609756097561
164,2026-08-26 14:54:26,74.74599,82.14699,2,2,160.0,160.0,0,0,1,1,hold,scale_up +1,0.6060606060606061,0.6060606060606061,0.17575757575757575,0.11515151515151516
165,2026-08-26 14:59:26,63.314247,82.29464,2,2,160.0,160.0,0,0,1,1,hold,hold,0.6024096385542169,0.6024096385542169,0.1807228915662651,0.12048192771084337
166,2026-08-26 15:04:26,59.620914,79.08231,1,2,80.0,160.0,0,0,0,1,scale_down -1,hold,0.5988023952095809,0.5988023952095809,0.17964071856287422,0.12574850299401197
167,2026-08-26 15:09:26,61.555523,75.21173,1,2,80.0,160.0,0,0,0,1,hold,hold,0.5952380952380952,0.5952380952380952,0.17857142857142858,0.13095238095238096
168,2026-08-26 15:14:26,80.19805,72.67903,1,2,80.0,160.0,1,0,0,0,hold,hold,1.183431952662722,0.591715976331361,0.20710059171597633,0.1301775147928994
169,2026-08-26 15:19:26,87.05709,75.4844,2,2,160.0,160.0,0,0,0,0,scale_up +1,hold,1.1764705882352942,0.5882352941176471,0.20588235294117646,0.12941176470588237
170,2026-08-26 15:24:26,96.29042,80.89975,2,2,160.0,160.0,0,0,0,0,hold,hold,1.1695906432748537,0.5847953216374269,0.2046783625730994,0.1286549707602339
171,2026-08-26 15:29:26,94.09201,87.57871,2,2,160.0,160.0,0,0,0,0,hold,hold,1.1627906976744187,0.5813953488372093,0.20348837209302326,0.12790697674418605
172,2026-08-26 15:34:26,82.66027,92.04755,2,2,160.0,160.0,0,0,0,0,hold,hold,1.1560693641618496,0.5780346820809248,0.2023121387283237,0.12716763005780346
173,2026-08-26 15:39:26,75.62535,91.5354,2,2,160.0,160.0,0,0,1,1,hold,hold,1.1494252873563218,0.5747126436781609,0.20689655172413796,0.13218390804597702
174,2026-08-26 15:44:26,69.4698,88.235664,2,2,160.0,160.0,0,0,1,1,hold,hold,1.1428571428571428,0.5714285714285714,0.2114285714285714,0.13714285714285715
175,2026-08-26 15:49:26,80.19805,83.63661,2,2,160.0,160.0,0,0,0,0,hold,hold,1.1363636363636365,0.5681818181818182,0.21022727272727273,0.13636363636363635
176,2026-08-26 15:54:26,65.95234,82.951515,2,2,160.0,160.0,0,0,1,1,hold,hold,1.1299435028248588,0.5649717514124294,0.21468926553672318,0.14124293785310735
177,2026-08-26 15:59:26,63.314247,79.64926,2,2,160.0,160.0,0,0,1,1,hold,hold,1.1235955056179776,0.5617977528089888,0.21910112359550563,0.14606741573033707
178,2026-08-26 16:04:26,65.95234,76.31552,2,2,160.0,160.0,0,0,1,1,hold,hold,1.1173184357541899,0.5586592178770949,0.22346368715083798,0.15083798882681565
179,2026-08-26 16:09:26,89.695175,74.71741,2,2,160.0,160.0,0,0,0,0,hold,hold,1.1111111111111112,0.5555555555555556,0.2222222222222222,0.15
180,2026-08-26 16:14:26,91.01424,79.86446,2,2,160.0,160.0,0,0,0,0,hold,hold,1.1049723756906076,0.5524861878453038,0.22099447513812154,0.14917127071823205
181,2026-08-26 16:19:26,98.04916,85.42135,2,2,160.0,160.0,0,0,0,0,hold,hold,1.098901098901099,0.5494505494505495,0.21978021978021978,0.14835164835164835
182,2026-08-26 16:24:26,116.73565,91.16725,2,2,160.0,160.0,0,0,0,0,hold,hold,1.092896174863388,0.546448087431694,0.2185792349726776,0.14754098360655737
183,2026-08-26 16:29:26,108.16184,100.5145,2,2,160.0,160.0,0,0,0,0,hold,hold,1.0869565217391304,0.5434782608695652,0.21739130434782608,0.14673913043478262
184,2026-08-26 16:34:26,102.88566,105.17862,2,2,160.0,160.0,0,0,0,0,hold,hold,1.0810810810810811,0.5405405405405406,0.21621621621621623,0.14594594594594595
185,2026-08-26 16:39:26,83.539635,105.832054,2,2,160.0,160.0,0,0,0,0,hold,hold,1.0752688172043012,0.5376344086021506,0.21505376344086022,0.14516129032258066
186,2026-08-26 16:44:26,92.33328,99.79306,2,2,160.0,160.0,0,0,0,0,hold,hold,1.06951871657754,0.53475935828877,0.21390374331550802,0.1443850267379679
187,2026-08-26 16:49:26,93.65233,97.01568,2,2,160.0,160.0,0,0,0,0,hold,hold,1.0638297872340425,0.5319148936170213,0.2127659574468085,0.14361702127659576
188,2026-08-26 16:54:26,113.43803,95.96398,2,2,160.0,160.0,0,0,0,0,hold,hold,1.0582010582010581,0.5291005291005291,0.21164021164021163,0.14285714285714285
189,2026-08-26 16:59:26,116.076126,100.99163,2,2,160.0,160.0,0,0,0,0,hold,hold,1.0526315789473684,0.5263157894736842,0.21052631578947367,0.14210526315789473
190,2026-08-26 17:04:26,123.33088,106.59173,2,2,160.0,160.0,0,0,0,0,hold,hold,1.0471204188481675,0.5235602094240838,0.2094240837696335,0.1413612565445026
191,2026-08-26 17:09:26,122.231674,112.723206,2,2,160.0,160.0,0,0,0,0,hold,hold,1.0416666666666665,0.5208333333333333,0.20833333333333334,0.140625
192,2026-08-26 17:14:26,136.52135,116.76342,2,2,160.0,160.0,0,0,0,0,hold,hold,1.0362694300518136,0.5181347150259068,0.20725388601036268,0.13989637305699482
193,2026-08-26 17:19:26,80.02218,123.27489,2,2,160.0,160.0,0,0,0,0,hold,hold,1.0309278350515463,0.5154639175257731,0.20618556701030927,0.13917525773195877
194,2026-08-26 17:24:26,92.33328,110.75858,2,2,160.0,160.0,0,0,0,0,hold,hold,1.0256410256410255,0.5128205128205128,0.20512820512820512,0.13846153846153847
195,2026-08-26 17:29:26,102.88566,103.1615,2,2,160.0,160.0,0,0,0,0,hold,hold,1.0204081632653061,0.5102040816326531,0.20408163265306123,0.1377551020408163
196,2026-08-26 17:34:26,97.60947,101.653244,2,2,160.0,160.0,0,0,0,0,hold,hold,1.015228426395939,0.5076142131979695,0.20304568527918782,0.13705583756345177
197,2026-08-26 17:39:26,81.40404,100.285126,2,2,160.0,160.0,0,0,0,0,hold,hold,1.0101010101010102,0.5050505050505051,0.20202020202020202,0.13636363636363635
198,2026-08-26 17:44:26,96.7301,95.08521,2,2,160.0,160.0,0,0,0,0,hold,hold,1.0050251256281406,0.5025125628140703,0.20100502512562812,0.135678391959799
199,2026-08-26 17:49:26,118.71422,94.93813,2,2,160.0,160.0,0,0,0,0,hold,hold,1.0,0.5,0.2,0.135
200,2026-08-26 17:54:26,87.05709,102.42452,2,2,160.0,160.0,0,0,0,0,hold,hold,0.9950248756218906,0.4975124378109453,0.1990049751243781,0.13432835820895522
201,2026-08-26 17:59:26,104.204704,99.80436,2,2,160.0,160.0,0,0,0,0,hold,hold,0.9900990099009901,0.49504950495049505,0.19801980198019803,0.13366336633663367
202,2026-08-26 18:04:26,104.64439,100.984695,2,2,160.0,160.0,0,0,0,0,hold,hold,0.9852216748768473,0.49261083743842365,0.19704433497536947,0.1330049261083744
203,2026-08-26 18:09:26,120.297066,102.60031,2,2,160.0,160.0,0,0,0,0,hold,hold,0.9803921568627451,0.49019607843137253,0.19607843137254902,0.1323529411764706
204,2026-08-26 18:14:26,100.247574,108.42115,2,2,160.0,160.0,0,0,0,0,hold,hold,0.975609756097561,0.4878048780487805,0.1951219512195122,0.13170731707317074
205,2026-08-26 18:19:26,109.92058,107.095055,2,2,160.0,160.0,0,0,0,0,hold,hold,0.9708737864077669,0.48543689320388345,0.1941747572815534,0.13106796116504854
206,2026-08-26 18:24:26,83.09995,107.646774,2,2,160.0,160.0,0,0,0,0,hold,hold,0.966183574879227,0.4830917874396135,0.1932367149758454,0.13043478260869565
207,2026-08-26 18:29:26,83.09995,100.980194,2,2,160.0,160.0,0,0,0,0,hold,hold,0.9615384615384616,0.4807692307692308,0.1923076923076923,0.12980769230769232
208,2026-08-26 18:34:26,88.81583,95.07139,2,2,160.0,160.0,0,0,0,0,hold,hold,0.9569377990430622,0.4784688995215311,0.19138755980861244,0.1291866028708134
209,2026-08-26 18:39:26,93.38852,92.72998,2,2,160.0,160.0,0,0,0,0,hold,hold,0.9523809523809524,0.4761904761904762,0.19047619047619047,0.12857142857142856
210,2026-08-26 18:44:26,97.60947,92.95199,2,2,160.0,160.0,0,0,0,0,hold,hold,0.9478672985781991,0.47393364928909953,0.1895734597156398,0.12796208530805686
211,2026-08-26 18:49:26,108.16184,95.04385,2,2,160.0,160.0,0,0,0,0,hold,hold,0.9433962264150944,0.4716981132075472,0.18867924528301888,0.12735849056603774
212,2026-08-26 18:54:26,109.92058,99.641846,2,2,160.0,160.0,0,0,0,0,hold,hold,0.9389671361502347,0.4694835680751174,0.18779342723004694,0.1267605633802817
213,2026-08-26 18:59:26,101.12692,104.092545,2,2,160.0,160.0,0,0,0,0,hold,hold,0.9345794392523363,0.46728971962616817,0.18691588785046728,0.1261682242990654
214,2026-08-26 19:04:26,116.076126,104.44992,2,2,160.0,160.0,0,0,0,0,hold,hold,0.9302325581395349,0.46511627906976744,0.18604651162790697,0.12558139534883722
215,2026-08-26 19:09:26,102.22613,108.136894,2,2,160.0,160.0,0,0,0,0,hold,hold,0.9259259259259258,0.4629629629629629,0.18518518518518517,0.125
216,2026-08-26 19:14:26,92.33328,107.13318,2,2,160.0,160.0,0,0,0,0,hold,hold,0.9216589861751152,0.4608294930875576,0.18433179723502305,0.12442396313364056
217,2026-08-26 19:19:26,127.50786,102.826675,2,2,160.0,160.0,0,0,0,0,hold,hold,0.9174311926605505,0.45871559633027525,0.1834862385321101,0.12385321100917432
218,2026-08-26 19:24:26,133.48753,109.27347,2,2,160.0,160.0,0,0,0,0,hold,hold,0.91324200913242,0.45662100456621,0.182648401826484,0.1232876712328767
219,2026-08-26 19:29:26,121.35232,117.52665,2,2,160.0,160.0,0,0,0,0,hold,hold,0.9090909090909091,0.45454545454545453,0.18181818181818182,0.12272727272727274
220,2026-08-26 19:34:26,200.49515,119.87209,2,2,160.0,160.0,1,1,0,0,hold,hold,1.3574660633484164,0.904977375565611,0.20361990950226244,0.14479638009049772
221,2026-08-26 19:39:26,200.49515,145.91354,3,2,240.0,160.0,0,1,0,0,scale_up +1,hold,1.3513513513513513,1.3513513513513513,0.20270270270270271,0.16666666666666669
222,2026-08-26 19:44:26,114.09755,168.25813,3,3,240.0,240.0,0,0,1,1,hold,scale_up +1,1.345291479820628,1.345291479820628,0.2062780269058296,0.17040358744394618
223,2026-08-26 19:49:26,112.11898,150.1035,3,3,240.0,240.0,0,0,1,1,hold,hold,1.3392857142857142,1.3392857142857142,0.20982142857142855,0.17410714285714285
224,2026-08-26 19:54:26,123.9904,133.54521,3,3,240.0,240.0,0,0,0,0,hold,hold,1.3333333333333335,1.3333333333333335,0.2088888888888889,0.17333333333333334
225,2026-08-26 19:59:26,133.22374,126.56303,3,2,240.0,160.0,0,0,0,0,hold,scale_down -1,1.3274336283185841,1.3274336283185841,0.2079646017699115,0.17256637168141592
226,2026-08-26 20:04:26,124.51803,126.38741,3,2,240.0,160.0,0,0,0,0,hold,hold,1.3215859030837005,1.3215859030837005,0.20704845814977973,0.17180616740088106
227,2026-08-26 20:09:26,110.79993,124.23109,3,2,240.0,160.0,0,0,1,0,hold,hold,1.3157894736842104,1.3157894736842104,0.21052631578947367,0.17105263157894735
228,2026-08-26 20:14:26,143.33643,118.62036,3,2,240.0,160.0,0,0,0,0,hold,hold,1.3100436681222707,1.3100436681222707,0.2096069868995633,0.1703056768558952
229,2026-08-26 20:19:26,158.28563,125.11413,3,2,240.0,160.0,0,0,0,0,hold,hold,1.3043478260869565,1.3043478260869565,0.20869565217391306,0.16956521739130434
230,2026-08-26 20:24:26,131.90468,136.06143,3,2,240.0,160.0,0,0,0,0,hold,hold,1.2987012987012987,1.2987012987012987,0.20779220779220778,0.16883116883116883
231,2026-08-26 20:29:26,116.076126,135.2266,3,2,240.0,160.0,0,0,1,0,hold,hold,1.293103448275862,1.293103448275862,0.21120689655172414,0.16810344827586207
232,2026-08-26 20:34:26,87.05709,127.86076,2,2,160.0,160.0,0,0,0,0,scale_down -1,hold,1.2875536480686696,1.2875536480686696,0.21030042918454936,0.16738197424892703
233,2026-08-26 20:39:26,143.33643,113.33714,2,2,160.0,160.0,0,0,0,0,hold,hold,1.282051282051282,1.282051282051282,0.2094017094017094,0.16666666666666666
234,2026-08-26 20:44:26,141.40182,119.554726,2,2,160.0,160.0,0,0,0,0,hold,hold,1.276595744680851,1.276595744680851,0.2085106382978723,0.16595744680851063
235,2026-08-26 20:49:26,148.61261,126.39649,2,2,160.0,160.0,0,0,0,0,hold,hold,1.2711864406779663,1.2711864406779663,0.2076271186440678,0.1652542372881356
236,2026-08-26 20:54:26,182.02847,133.63487,2,2,160.0,160.0,1,1,0,0,hold,hold,1.6877637130801686,1.6877637130801686,0.22784810126582278,0.18565400843881857
237,2026-08-26 20:59:26,161.58324,150.14777,3,2,240.0,160.0,0,1,0,0,scale_up +1,hold,1.680672268907563,2.100840336134454,0.226890756302521,0.20588235294117646
238,2026-08-26 21:04:26,211.70702,155.19258,3,3,240.0,240.0,0,0,0,0,hold,scale_up +1,1.6736401673640167,2.092050209205021,0.22594142259414227,0.20502092050209203
239,2026-08-26 21:09:26,208.40941,175.57838,3,3,240.0,240.0,0,0,0,0,hold,hold,1.6666666666666667,2.083333333333333,0.22499999999999998,0.20416666666666666
240,2026-08-26 21:14:26,183.34752,188.66661,3,3,240.0,240.0,0,0,0,0,hold,hold,1.6597510373443984,2.0746887966804977,0.22406639004149376,0.2033195020746888
241,2026-08-26 21:19:26,162.24277,185.80872,3,3,240.0,240.0,0,0,0,0,hold,hold,1.6528925619834711,2.066115702479339,0.2231404958677686,0.2024793388429752
242,2026-08-26 21:24:26,163.12213,173.9421,3,3,240.0,240.0,0,0,0,0,hold,hold,1.646090534979424,2.05761316872428,0.2222222222222222,0.20164609053497942
243,2026-08-26 21:29:26,151.69038,165.90887,3,3,240.0,240.0,0,0,0,0,hold,hold,1.639344262295082,2.0491803278688523,0.22131147540983603,0.20081967213114754
244,2026-08-26 21:34:26,150.37134,157.29858,3,3,240.0,240.0,0,0,0,0,hold,hold,1.6326530612244898,2.0408163265306123,0.2204081632653061,0.2
245,2026-08-26 21:39:26,182.02847,151.2517,3,3,240.0,240.0,0,0,0,0,hold,hold,1.6260162601626018,2.0325203252032518,0.21951219512195122,0.1991869918699187
246,2026-08-26 21:44:26,177.4118,159.19818,3,3,240.0,240.0,0,0,0,0,hold,hold,1.6194331983805668,2.0242914979757085,0.21862348178137653,0.19838056680161942
247,2026-08-26 21:49:26,164.61705,164.68575,3,3,240.0,240.0,0,0,0,0,hold,hold,1.6129032258064515,2.0161290322580645,0.21774193548387094,0.1975806451612903
248,2026-08-26 21:54:26,155.64752,163.32784,3,3,240.0,240.0,0,0,0,0,hold,hold,1.6064257028112447,2.0080321285140563,0.21686746987951808,0.19678714859437751
249,2026-08-26 21:59:26,143.77611,158.28235,3,3,240.0,240.0,0,0,0,0,hold,hold,1.6,2.0,0.21600000000000003,0.196
250,2026-08-26 22:04:26,169.49753,150.47964,3,3,240.0,240.0,0,0,0,0,hold,hold,1.593625498007968,1.9920318725099602,0.21513944223107567,0.1952191235059761
251,2026-08-26 22:09:26,158.28563,154.24435,3,3,240.0,240.0,0,0,0,0,hold,hold,1.5873015873015872,1.984126984126984,0.21428571428571427,0.19444444444444442
252,2026-08-26 22:14:26,171.47609,153.90602,3,3,240.0,240.0,0,0,0,0,hold,hold,1.5810276679841897,1.9762845849802373,0.2134387351778656,0.19367588932806323
253,2026-08-26 22:19:26,140.69833,158.17294,3,3,240.0,240.0,0,0,0,0,hold,hold,1.574803149606299,1.968503937007874,0.2125984251968504,0.19291338582677164
254,2026-08-26 22:24:26,163.56181,150.49492,3,3,240.0,240.0,0,0,0,0,hold,hold,1.5686274509803921,1.9607843137254901,0.21176470588235294,0.19215686274509802
255,2026-08-26 22:29:26,155.64752,152.32088,3,3,240.0,240.0,0,0,0,0,hold,hold,1.5625,1.953125,0.2109375,0.19140625
256,2026-08-26 22:34:26,166.1999,151.83162,3,3,240.0,240.0,0,0,0,0,hold,hold,1.556420233463035,1.9455252918287937,0.21011673151750973,0.19066147859922178
257,2026-08-26 22:39:26,155.64752,154.85878,3,3,240.0,240.0,0,0,0,0,hold,hold,1.550387596899225,1.937984496124031,0.20930232558139536,0.18992248062015504
258,2026-08-26 22:44:26,180.70941,153.60489,3,3,240.0,240.0,0,0,0,0,hold,hold,1.5444015444015444,1.9305019305019304,0.20849420849420847,0.1891891891891892
259,2026-08-26 22:49:26,159.16498,161.19585,3,3,240.0,240.0,0,0,0,0,hold,hold,1.5384615384615385,1.9230769230769231,0.2076923076923077,0.18846153846153846
260,2026-08-26 22:54:26,140.69833,159.48723,3,3,240.0,240.0,0,0,0,0,hold,hold,1.532567049808429,1.9157088122605364,0.2068965517241379,0.18773946360153257
261,2026-08-26 22:59:26,152.13008,150.53009,3,3,240.0,240.0,0,0,0,0,hold,hold,1.5267175572519083,1.9083969465648856,0.20610687022900764,0.18702290076335878
262,2026-08-26 23:04:26,134.54279,148.06395,3,3,240.0,240.0,0,0,0,0,hold,hold,1.520912547528517,1.9011406844106464,0.2053231939163498,0.18631178707224333
263,2026-08-26 23:09:26,163.56181,141.12387,3,3,240.0,240.0,0,0,0,0,hold,hold,1.5151515151515151,1.893939393939394,0.20454545454545453,0.1856060606060606
264,2026-08-26 23:14:26,151.42659,146.19572,3,3,240.0,240.0,0,0,0,0,hold,hold,1.509433962264151,1.8867924528301887,0.2037735849056604,0.1849056603773585
265,2026-08-26 23:19:26,139.81897,146.7173,3,3,240.0,240.0,0,0,0,0,hold,hold,1.5037593984962405,1.8796992481203008,0.20300751879699247,0.18421052631578946
266,2026-08-26 23:24:26,137.18088,142.84338,3,3,240.0,240.0,0,0,0,0,hold,hold,1.4981273408239701,1.8726591760299627,0.20224719101123595,0.18352059925093633
267,2026-08-26 23:29:26,132.95993,138.95293,3,3,240.0,240.0,0,0,0,0,hold,hold,1.4925373134328357,1.8656716417910446,0.20149253731343283,0.1828358208955224
268,2026-08-26 23:34:26,142.45708,134.86685,3,2,240.0,160.0,0,0,0,0,hold,scale_down -1,1.486988847583643,1.858736059479554,0.2007434944237918,0.18215613382899626
269,2026-08-26 23:39:26,117.39517,135.4902,3,2,240.0,160.0,0,0,1,0,hold,hold,1.4814814814814816,1.8518518518518516,0.2037037037037037,0.18148148148148147
270,2026-08-26 23:44:26,134.54279,128.1968,3,2,240.0,160.0,0,0,0,0,hold,hold,1.4760147601476015,1.8450184501845017,0.2029520295202952,0.18081180811808117
271,2026-08-26 23:49:26,129.26659,128.06898,3,2,240.0,160.0,0,0,0,0,hold,hold,1.4705882352941175,1.8382352941176472,0.20220588235294118,0.18014705882352944
272,2026-08-26 23:54:26,122.67136,127.362564,3,2,240.0,160.0,0,0,0,0,hold,hold,1.465201465201465,1.8315018315018317,0.20146520146520147,0.1794871794871795
273,2026-08-26 23:59:26,112.11898,124.81359,3,2,240.0,160.0,0,0,1,0,hold,hold,1.4598540145985401,1.824817518248175,0.20437956204379562,0.17883211678832117
274,2026-08-27 00:04:26,115.4166,119.642494,3,2,240.0,160.0,0,0,1,0,hold,hold,1.4545454545454546,1.8181818181818181,0.20727272727272728,0.1781818181818182
275,2026-08-27 00:09:26,158.28563,116.7665,3,2,240.0,160.0,0,0,0,0,hold,hold,1.4492753623188406,1.8115942028985508,0.2065217391304348,0.17753623188405798
276,2026-08-27 00:14:26,136.52135,128.7392,3,2,240.0,160.0,0,0,0,0,hold,hold,1.444043321299639,1.8050541516245486,0.20577617328519857,0.1768953068592058
277,2026-08-27 00:19:26,134.54279,132.08472,3,2,240.0,160.0,0,0,0,0,hold,hold,1.4388489208633095,1.7985611510791366,0.20503597122302158,0.1762589928057554
278,2026-08-27 00:24:26,141.79753,132.51604,3,2,240.0,160.0,0,0,0,0,hold,hold,1.4336917562724014,1.7921146953405016,0.2043010752688172,0.17562724014336917
279,2026-08-27 00:29:26,142.45708,134.62823,3,2,240.0,160.0,0,0,0,0,hold,hold,1.4285714285714286,1.7857142857142856,0.20357142857142857,0.175
280,2026-08-27 00:34:26,129.26659,136.46222,3,2,240.0,160.0,0,0,0,0,hold,hold,1.4234875444839856,1.7793594306049825,0.20284697508896798,0.17437722419928825
281,2026-08-27 00:39:26,122.67136,133.1894,3,2,240.0,160.0,0,0,0,0,hold,hold,1.4184397163120568,1.773049645390071,0.2021276595744681,0.17375886524822695
282,2026-08-27 00:44:26,115.19676,127.93125,3,2,240.0,160.0,0,0,1,0,hold,hold,1.4134275618374559,1.76678445229682,0.2049469964664311,0.17314487632508835
283,2026-08-27 00:49:26,120.033264,122.15541,3,2,240.0,160.0,0,0,0,0,hold,hold,1.4084507042253522,1.7605633802816902,0.20422535211267606,0.17253521126760563
284,2026-08-27 00:54:26,115.74636,119.74336,3,2,240.0,160.0,0,0,1,0,hold,hold,1.4035087719298245,1.7543859649122806,0.20701754385964913,0.1719298245614035
285,2026-08-27 00:59:26,115.74636,117.32869,3,2,240.0,160.0,0,0,1,0,hold,hold,1.3986013986013985,1.7482517482517483,0.2097902097902098,0.17132867132867133
286,2026-08-27 01:04:26,105.52375,115.82538,3,2,240.0,160.0,0,0,1,0,hold,hold,1.3937282229965158,1.7421602787456445,0.21254355400696862,0.17073170731707318
287,2026-08-27 01:09:26,139.29135,112.063835,3,2,240.0,160.0,0,0,0,0,hold,hold,1.3888888888888888,1.7361111111111112,0.21180555555555555,0.1701388888888889
288,2026-08-27 01:14:26,138.49992,119.33359,3,2,240.0,160.0,0,0,0,0,hold,hold,1.384083044982699,1.7301038062283738,0.2110726643598616,0.1695501730103806
289,2026-08-27 01:19:26,116.076126,125.98297,3,2,240.0,160.0,0,0,1,0,hold,hold,1.3793103448275863,1.7241379310344827,0.21379310344827587,0.16896551724137931
290,2026-08-27 01:24:26,125.96897,123.243996,3,2,240.0,160.0,0,0,0,0,hold,hold,1.3745704467353952,1.718213058419244,0.21305841924398625,0.16838487972508592
291,2026-08-27 01:29:26,126.100876,123.081116,3,2,240.0,160.0,0,0,0,0,hold,hold,1.36986301369863,1.7123287671232876,0.21232876712328766,0.1678082191780822
292,2026-08-27 01:34:26,121.35232,123.26656,3,2,240.0,160.0,0,0,0,0,hold,hold,1.3651877133105803,1.7064846416382253,0.21160409556313992,0.16723549488054607
293,2026-08-27 01:39:26,126.628494,122.05876,3,2,240.0,160.0,0,0,0,0,hold,hold,1.3605442176870748,1.7006802721088436,0.2108843537414966,0.16666666666666666
294,2026-08-27 01:44:26,129.26659,122.3922,3,2,240.0,160.0,0,0,0,0,hold,hold,1.3559322033898304,1.694915254237288,0.21016949152542375,0.16610169491525423
295,2026-08-27 01:49:26,126.628494,123.796,3,2,240.0,160.0,0,0,0,0,hold,hold,1.3513513513513513,1.6891891891891893,0.20945945945945946,0.16554054054054054
296,2026-08-27 01:54:26,130.58563,124.27903,3,2,240.0,160.0,0,0,0,0,hold,hold,1.3468013468013467,1.6835016835016834,0.20875420875420875,0.164983164983165
297,2026-08-27 01:59:26,113.43803,125.538246,3,2,240.0,160.0,0,0,1,0,hold,hold,1.342281879194631,1.6778523489932886,0.2114093959731544,0.16442953020134227
298,2026-08-27 02:04:26,154.59229,121.14933,3,2,240.0,160.0,0,0,0,0,hold,hold,1.3377926421404682,1.6722408026755853,0.21070234113712372,0.16387959866220736
299,2026-08-27 02:09:26,155.64752,130.33224,3,2,240.0,160.0,0,0,0,0,hold,hold,1.3333333333333335,1.6666666666666667,0.21000000000000002,0.16333333333333333
300,2026-08-27 02:14:26,164.44118,138.99977,3,2,240.0,160.0,0,1,0,0,hold,hold,1.3289036544850499,1.9933554817275747,0.20930232558139533,0.17940199335548174
301,2026-08-27 02:19:26,151.69038,147.74698,3,3,240.0,240.0,0,0,0,0,hold,scale_up +1,1.3245033112582782,1.9867549668874174,0.20860927152317882,0.17880794701986755
302,2026-08-27 02:24:26,150.37134,148.9413,3,3,240.0,240.0,0,0,0,0,hold,hold,1.3201320132013201,1.9801980198019802,0.2079207920792079,0.1782178217821782
303,2026-08-27 02:29:26,117.834854,148.08925,3,3,240.0,240.0,0,0,1,1,hold,hold,1.3157894736842104,1.9736842105263157,0.21052631578947367,0.18092105263157895
304,2026-08-27 02:34:26,134.54279,136.25148,3,3,240.0,240.0,0,0,0,0,hold,hold,1.3114754098360655,1.9672131147540985,0.2098360655737705,0.180327868852459
305,2026-08-27 02:39:26,142.89674,132.45743,3,2,240.0,160.0,0,0,0,0,hold,scale_down -1,1.3071895424836601,1.9607843137254901,0.2091503267973856,0.17973856209150327
306,2026-08-27 02:44:26,133.66342,133.83275,3,2,240.0,160.0,0,0,0,0,hold,hold,1.3029315960912053,1.9543973941368076,0.20846905537459284,0.1791530944625407
307,2026-08-27 02:49:26,127.94755,132.55516,3,2,240.0,160.0,0,0,0,0,hold,hold,1.2987012987012987,1.948051948051948,0.20779220779220778,0.17857142857142858
308,2026-08-27 02:54:26,143.33643,129.72061,3,2,240.0,160.0,0,0,0,0,hold,hold,1.2944983818770228,1.9417475728155338,0.2071197411003236,0.1779935275080906
309,2026-08-27 02:59:26,151.69038,132.5535,3,2,240.0,160.0,0,0,0,0,hold,hold,1.2903225806451613,1.935483870967742,0.2064516129032258,0.1774193548387097
310,2026-08-27 03:04:26,133.66342,138.291,3,2,240.0,160.0,0,0,0,0,hold,hold,1.2861736334405145,1.929260450160772,0.2057877813504823,0.17684887459807075
311,2026-08-27 03:09:26,160.04436,136.26495,3,2,240.0,160.0,0,1,0,0,hold,hold,1.282051282051282,2.2435897435897436,0.20512820512820512,0.19230769230769232
312,2026-08-27 03:14:26,151.2507,142.64232,3,2,240.0,160.0,0,0,0,0,hold,hold,1.2779552715654952,2.2364217252396164,0.20447284345047922,0.19169329073482427
313,2026-08-27 03:19:26,133.66342,145.03906,3,3,240.0,240.0,0,0,0,0,hold,scale_up +1,1.2738853503184715,2.229299363057325,0.20382165605095542,0.1910828025477707
314,2026-08-27 03:24:26,125.04565,140.11403,3,3,240.0,240.0,0,0,0,0,hold,hold,1.2698412698412698,2.2222222222222223,0.20317460317460317,0.19047619047619047
315,2026-08-27 03:29:26,116.076126,132.98535,3,2,240.0,160.0,0,0,1,0,hold,scale_down -1,1.2658227848101267,2.2151898734177213,0.20569620253164558,0.189873417721519
316,2026-08-27 03:34:26,114.75708,125.182144,3,2,240.0,160.0,0,0,1,0,hold,hold,1.2618296529968454,2.2082018927444795,0.2082018927444795,0.1892744479495268
317,2026-08-27 03:39:26,122.231674,119.78131,3,2,240.0,160.0,0,0,0,0,hold,hold,1.257861635220126,2.20125786163522,0.20754716981132076,0.18867924528301888
318,2026-08-27 03:44:26,114.49327,118.67979,3,2,240.0,160.0,0,0,1,0,hold,hold,1.2539184952978055,2.19435736677116,0.21003134796238243,0.18808777429467086
319,2026-08-27 03:49:26,135.86183,116.49157,3,2,240.0,160.0,0,0,0,0,hold,hold,1.25,2.1875,0.209375,0.1875
320,2026-08-27 03:54:26,128.38724,121.58058,3,2,240.0,160.0,0,0,0,0,hold,hold,1.2461059190031152,2.1806853582554515,0.2087227414330218,0.18691588785046728
321,2026-08-27 03:59:26,123.9904,123.88898,3,2,240.0,160.0,0,0,0,0,hold,hold,1.2422360248447204,2.1739130434782608,0.2080745341614907,0.18633540372670807
322,2026-08-27 04:04:26,138.9396,123.69661,3,2,240.0,160.0,0,0,0,0,hold,hold,1.238390092879257,2.1671826625387,0.20743034055727552,0.18575851393188855
323,2026-08-27 04:09:26,108.16184,127.79839,3,2,240.0,160.0,0,0,1,0,hold,hold,1.2345679012345678,2.1604938271604937,0.20987654320987653,0.18518518518518517
324,2026-08-27 04:14:26,154.51692,121.37725,3,2,240.0,160.0,0,0,0,0,hold,hold,1.2307692307692308,2.1538461538461537,0.20923076923076925,0.18461538461538463
325,2026-08-27 04:19:26,137.18088,130.20091,3,2,240.0,160.0,0,0,0,0,hold,hold,1.2269938650306749,2.147239263803681,0.20858895705521474,0.18404907975460122
326,2026-08-27 04:24:26,137.18088,132.6352,3,2,240.0,160.0,0,0,0,0,hold,hold,1.2232415902140672,2.1406727828746175,0.20795107033639143,0.1834862385321101
327,2026-08-27 04:29:26,109.48089,133.52843,3,2,240.0,160.0,0,0,1,0,hold,hold,1.2195121951219512,2.1341463414634148,0.21036585365853658,0.18292682926829268
328,2026-08-27 04:34:26,113.43803,124.93747,3,2,240.0,160.0,0,0,1,0,hold,hold,1.21580547112462,2.127659574468085,0.2127659574468085,0.182370820668693
329,2026-08-27 04:39:26,118.71422,119.1262,3,2,240.0,160.0,0,0,1,0,hold,hold,1.2121212121212122,2.1212121212121215,0.21515151515151515,0.18181818181818182
330,2026-08-27 04:44:26,118.71422,117.48065,3,2,240.0,160.0,0,0,1,0,hold,hold,1.2084592145015105,2.1148036253776437,0.2175226586102719,0.18126888217522658
331,2026-08-27 04:49:26,121.35232,116.68417,3,2,240.0,160.0,0,0,0,0,hold,hold,1.2048192771084338,2.108433734939759,0.21686746987951808,0.1807228915662651
332,2026-08-27 04:54:26,118.71422,117.45811,3,2,240.0,160.0,0,0,1,0,hold,hold,1.2012012012012012,2.1021021021021022,0.21921921921921922,0.18018018018018017
333,2026-08-27 04:59:26,116.95548,117.41468,3,2,240.0,160.0,0,0,1,0,hold,hold,1.1976047904191618,2.095808383233533,0.2215568862275449,0.17964071856287422
334,2026-08-27 05:04:26,121.35232,116.96584,3,2,240.0,160.0,0,0,0,0,hold,hold,1.1940298507462688,2.0895522388059704,0.2208955223880597,0.1791044776119403
335,2026-08-27 05:09:26,110.14041,117.77692,3,2,240.0,160.0,0,0,1,0,hold,hold,1.1904761904761905,2.083333333333333,0.2232142857142857,0.17857142857142858
336,2026-08-27 05:14:26,121.35232,115.09289,3,2,240.0,160.0,0,0,0,0,hold,hold,1.1869436201780417,2.0771513353115725,0.22255192878338279,0.17804154302670622
337,2026-08-27 05:19:26,105.52375,116.14376,3,2,240.0,160.0,0,0,1,0,hold,hold,1.183431952662722,2.0710059171597637,0.22485207100591717,0.1775147928994083
338,2026-08-27 05:24:26,110.272316,112.670944,3,2,240.0,160.0,0,0,1,0,hold,hold,1.1799410029498525,2.0648967551622417,0.22713864306784662,0.17699115044247787
339,2026-08-27 05:29:26,119.844826,111.111,3,2,240.0,160.0,0,0,1,0,hold,hold,1.1764705882352942,2.0588235294117645,0.22941176470588237,0.1764705882352941
340,2026-08-27 05:34:26,108.821365,113.17962,3,2,240.0,160.0,0,0,1,0,hold,hold,1.1730205278592376,2.0527859237536656,0.23167155425219943,0.17595307917888564
341,2026-08-27 05:39:26,121.35232,111.90575,3,2,240.0,160.0,0,0,0,0,hold,hold,1.1695906432748537,2.046783625730994,0.2309941520467836,0.17543859649122806
342,2026-08-27 05:44:26,101.566605,114.36301,3,2,240.0,160.0,0,0,1,0,hold,hold,1.1661807580174928,2.0408163265306123,0.23323615160349853,0.17492711370262393
343,2026-08-27 05:49:26,102.88566,110.59904,3,2,240.0,160.0,0,0,1,0,hold,hold,1.1627906976744187,2.0348837209302326,0.23546511627906977,0.1744186046511628
344,2026-08-27 05:54:26,105.52375,107.66647,3,2,240.0,160.0,0,0,1,0,hold,hold,1.1594202898550725,2.0289855072463765,0.23768115942028986,0.17391304347826086
345,2026-08-27 05:59:26,96.94994,106.4349,3,2,240.0,160.0,0,0,1,0,hold,hold,1.1560693641618496,2.023121387283237,0.2398843930635838,0.17341040462427748
346,2026-08-27 06:04:26,113.43803,103.4189,3,2,240.0,160.0,0,0,1,0,hold,hold,1.1527377521613833,2.0172910662824206,0.24207492795389046,0.1729106628242075
347,2026-08-27 06:09:26,94.971375,105.929825,3,2,240.0,160.0,0,0,1,0,hold,hold,1.1494252873563218,2.0114942528735633,0.2442528735632184,0.1724137931034483
348,2026-08-27 06:14:26,94.971375,103.20358,3,2,240.0,160.0,0,0,1,0,hold,hold,1.146131805157593,2.005730659025788,0.24641833810888253,0.17191977077363896
349,2026-08-27 06:19:26,104.64439,100.736496,3,2,240.0,160.0,0,0,1,0,hold,hold,1.1428571428571428,2.0,0.24857142857142855,0.17142857142857143
350,2026-08-27 06:24:26,104.64439,101.67334,3,2,240.0,160.0,0,0,1,0,hold,hold,1.1396011396011396,1.9943019943019942,0.2507122507122507,0.17094017094017094
351,2026-08-27 06:29:26,94.443756,102.92946,3,2,240.0,160.0,0,0,1,0,hold,hold,1.1363636363636365,1.9886363636363635,0.25284090909090906,0.17045454545454547
352,2026-08-27 06:34:26,96.29042,101.08888,3,2,240.0,160.0,0,0,1,0,hold,hold,1.13314447592068,1.9830028328611897,0.254957507082153,0.16997167138810199
353,2026-08-27 06:39:26,101.12692,99.64317,3,2,240.0,160.0,0,0,1,0,hold,hold,1.1299435028248588,1.977401129943503,0.2570621468926554,0.1694915254237288
354,2026-08-27 06:44:26,105.52375,100.26636,3,2,240.0,160.0,0,0,1,0,hold,hold,1.1267605633802817,1.971830985915493,0.2591549295774648,0.16901408450704225
355,2026-08-27 06:49:26,93.65233,102.24172,3,2,240.0,160.0,0,0,1,0,hold,hold,1.1235955056179776,1.9662921348314606,0.2612359550561798,0.16853932584269665
356,2026-08-27 06:54:26,97.60947,100.43738,3,2,240.0,160.0,0,0,1,0,hold,hold,1.1204481792717087,1.9607843137254901,0.26330532212885155,0.16806722689075632
357,2026-08-27 06:59:26,87.05709,99.69165,2,2,160.0,160.0,0,0,0,0,scale_down -1,hold,1.1173184357541899,1.9553072625698324,0.26256983240223464,0.16759776536312848
358,2026-08-27 07:04:26,96.55422,96.516205,2,2,160.0,160.0,0,0,0,0,hold,hold,1.1142061281337048,1.9498607242339834,0.2618384401114206,0.1671309192200557
359,2026-08-27 07:09:26,121.35232,96.46065,2,2,160.0,160.0,0,0,0,0,hold,hold,1.1111111111111112,1.9444444444444444,0.26111111111111107,0.16666666666666669
360,2026-08-27 07:14:26,121.35232,103.90389,2,2,160.0,160.0,0,0,0,0,hold,hold,1.10803324099723,1.9390581717451523,0.26038781163434904,0.1662049861495845
361,2026-08-27 07:19:26,98.26899,110.54419,2,2,160.0,160.0,0,0,0,0,hold,hold,1.1049723756906076,1.9337016574585635,0.2596685082872928,0.16574585635359118
362,2026-08-27 07:24:26,96.29042,108.28555,2,2,160.0,160.0,0,0,0,0,hold,hold,1.1019283746556474,1.9283746556473829,0.25895316804407714,0.1652892561983471
363,2026-08-27 07:29:26,91.01424,104.56196,2,2,160.0,160.0,0,0,0,0,hold,hold,1.098901098901099,1.9230769230769231,0.2582417582417582,0.16483516483516486
364,2026-08-27 07:34:26,104.996124,100.29975,2,2,160.0,160.0,0,0,0,0,hold,hold,1.095890410958904,1.9178082191780823,0.25753424657534246,0.1643835616438356
365,2026-08-27 07:39:26,105.52375,101.078415,2,2,160.0,160.0,0,0,0,0,hold,hold,1.092896174863388,1.912568306010929,0.2568306010928962,0.1639344262295082
366,2026-08-27 07:44:26,116.076126,102.55366,2,2,160.0,160.0,0,0,0,0,hold,hold,1.08991825613079,1.9073569482288828,0.2561307901907357,0.16348773841961856
367,2026-08-27 07:49:26,92.33328,106.88306,2,2,160.0,160.0,0,0,0,0,hold,hold,1.0869565217391304,1.9021739130434785,0.2554347826086957,0.16304347826086957
368,2026-08-27 07:54:26,100.247574,103.7412,2,2,160.0,160.0,0,0,0,0,hold,hold,1.084010840108401,1.8970189701897018,0.25474254742547425,0.16260162601626016
369,2026-08-27 07:59:26,91.45392,102.48933,2,2,160.0,160.0,0,0,0,0,hold,hold,1.0810810810810811,1.891891891891892,0.25405405405405407,0.16216216216216217
370,2026-08-27 08:04:26,120.82469,99.45211,2,2,160.0,160.0,0,0,0,0,hold,hold,1.078167115902965,1.8867924528301887,0.2533692722371968,0.16172506738544473
371,2026-08-27 08:09:26,116.95548,105.212585,2,2,160.0,160.0,0,0,0,0,hold,hold,1.0752688172043012,1.881720430107527,0.25268817204301075,0.16129032258064516
372,2026-08-27 08:14:26,118.71422,109.7725,2,2,160.0,160.0,0,0,0,0,hold,hold,1.0723860589812333,1.876675603217158,0.2520107238605898,0.16085790884718498
373,2026-08-27 08:19:26,123.9904,113.15443,2,2,160.0,160.0,0,0,0,0,hold,hold,1.06951871657754,1.8716577540106951,0.25133689839572193,0.16042780748663102
374,2026-08-27 08:24:26,140.69833,117.02843,2,2,160.0,160.0,0,0,0,0,hold,hold,1.0666666666666667,1.866666666666667,0.25066666666666665,0.16
375,2026-08-27 08:29:26,102.88566,124.65393,2,2,160.0,160.0,0,0,0,0,hold,hold,1.0638297872340425,1.8617021276595744,0.25,0.1595744680851064
376,2026-08-27 08:34:26,121.792,118.646034,2,2,160.0,160.0,0,0,0,0,hold,hold,1.0610079575596816,1.8567639257294428,0.24933687002652521,0.15915119363395225
377,2026-08-27 08:39:26,117.39517,118.06463,2,2,160.0,160.0,0,0,0,0,hold,hold,1.0582010582010581,1.8518518518518516,0.24867724867724866,0.15873015873015872
378,2026-08-27 08:44:26,123.9904,117.18727,2,2,160.0,160.0,0,0,0,0,hold,hold,1.0554089709762533,1.8469656992084433,0.24802110817941952,0.158311345646438
379,2026-08-27 08:49:26,120.033264,118.60622,2,2,160.0,160.0,0,0,0,0,hold,hold,1.0526315789473684,1.8421052631578945,0.24736842105263157,0.15789473684210525
380,2026-08-27 08:54:26,107.28248,118.69567,2,2,160.0,160.0,0,0,0,0,hold,hold,1.0498687664041995,1.837270341207349,0.24671916010498687,0.15748031496062992
381,2026-08-27 08:59:26,118.054695,114.611595,2,2,160.0,160.0,0,0,0,0,hold,hold,1.0471204188481675,1.832460732984293,0.24607329842931938,0.15706806282722513
382,2026-08-27 09:04:26,116.076126,114.80132,2,2,160.0,160.0,0,0,0,0,hold,hold,1.0443864229765014,1.8276762402088773,0.2454308093994778,0.1566579634464752
383,2026-08-27 09:09:26,132.78404,114.70924,2,2,160.0,160.0,0,0,0,0,hold,hold,1.0416666666666665,1.8229166666666667,0.24479166666666669,0.15625
384,2026-08-27 09:14:26,136.52135,119.82353,2,2,160.0,160.0,0,0,0,0,hold,hold,1.0389610389610389,1.8181818181818181,0.24415584415584418,0.15584415584415584
385,2026-08-27 09:19:26,127.94755,125.258804,2,2,160.0,160.0,0,0,0,0,hold,hold,1.0362694300518136,1.8134715025906734,0.24352331606217614,0.15544041450777202
386,2026-08-27 09:24:26,126.628494,126.30593,2,2,160.0,160.0,0,0,0,0,hold,hold,1.03359173126615,1.8087855297157622,0.2428940568475452,0.15503875968992248
387,2026-08-27 09:29:26,116.603745,125.947395,2,2,160.0,160.0,0,0,0,0,hold,hold,1.0309278350515463,1.804123711340206,0.24226804123711337,0.15463917525773196
388,2026-08-27 09:34:26,125.30945,122.14031,2,2,160.0,160.0,0,0,0,0,hold,hold,1.0282776349614395,1.7994858611825193,0.2416452442159383,0.15424164524421594
389,2026-08-27 09:39:26,167.07927,121.823784,2,2,160.0,160.0,1,1,0,0,hold,hold,1.282051282051282,2.051282051282051,0.25384615384615383,0.16666666666666666
390,2026-08-27 09:44:26,140.69833,135.35184,3,2,240.0,160.0,0,0,0,0,scale_up +1,hold,1.278772378516624,2.0460358056265986,0.2531969309462916,0.16624040920716113
391,2026-08-27 09:49:26,122.407555,137.9616,3,2,240.0,160.0,0,0,0,0,hold,hold,1.2755102040816326,2.0408163265306123,0.25255102040816324,0.16581632653061223
392,2026-08-27 09:54:26,131.24516,132.22168,3,2,240.0,160.0,0,0,0,0,hold,hold,1.2722646310432568,2.035623409669211,0.25190839694656486,0.1653944020356234
393,2026-08-27 09:59:26,104.86423,130.01389,3,2,240.0,160.0,0,0,1,0,hold,hold,1.2690355329949239,2.030456852791878,0.25380710659898476,0.1649746192893401
394,2026-08-27 10:04:26,143.33643,120.73604,3,2,240.0,160.0,0,0,0,0,hold,hold,1.2658227848101267,2.0253164556962027,0.25316455696202533,0.16455696202531644
395,2026-08-27 10:09:26,129.26659,125.51217,3,2,240.0,160.0,0,0,0,0,hold,hold,1.2626262626262625,2.0202020202020203,0.25252525252525254,0.16414141414141414
396,2026-08-27 10:14:26,118.71422,126.15812,3,2,240.0,160.0,0,0,1,0,hold,hold,1.2594458438287155,2.0151133501259446,0.2544080604534005,0.16372795969773302
397,2026-08-27 10:19:26,123.111046,123.15866,3,2,240.0,160.0,0,0,0,0,hold,hold,1.256281407035176,2.0100502512562812,0.2537688442211055,0.16331658291457285
398,2026-08-27 10:24:26,121.35232,122.03027,3,2,240.0,160.0,0,0,0,0,hold,hold,1.2531328320802004,2.0050125313283207,0.2531328320802005,0.16290726817042606
399,2026-08-27 10:29:26,135.86183,120.84494,3,2,240.0,160.0,0,0,0,0,hold,hold,1.25,2.0,0.2525,0.1625
400,2026-08-27 10:34:26,103.6394,124.82248,3,2,240.0,160.0,0,0,1,0,hold,hold,1.2468827930174564,1.99501246882793,0.25436408977556113,0.16209476309226933
401,2026-08-27 10:39:26,98.04916,117.895874,3,2,240.0,160.0,0,0,1,0,hold,hold,1.2437810945273633,1.9900497512437811,0.2562189054726368,0.16169154228855723
402,2026-08-27 10:44:26,122.231674,110.4118,3,2,240.0,160.0,0,0,0,0,hold,hold,1.240694789081886,1.9851116625310175,0.25558312655086846,0.16129032258064518
403,2026-08-27 10:49:26,125.96897,112.34814,3,2,240.0,160.0,0,0,0,0,hold,hold,1.2376237623762376,1.9801980198019802,0.25495049504950495,0.1608910891089109
404,2026-08-27 10:54:26,148.39278,116.350365,3,2,240.0,160.0,0,0,0,0,hold,hold,1.2345679012345678,1.9753086419753085,0.254320987654321,0.16049382716049382
405,2026-08-27 10:59:26,130.58563,126.53629,3,2,240.0,160.0,0,0,0,0,hold,hold,1.2315270935960592,1.9704433497536946,0.25369458128078815,0.16009852216748768
406,2026-08-27 11:04:26,113.43803,128.60104,3,2,240.0,160.0,0,0,1,0,hold,hold,1.2285012285012284,1.9656019656019657,0.25552825552825553,0.1597051597051597
407,2026-08-27 11:09:26,123.9904,123.62842,3,2,240.0,160.0,0,0,0,0,hold,hold,1.2254901960784315,1.9607843137254901,0.2549019607843137,0.15931372549019607
408,2026-08-27 11:14:26,123.9904,122.36239,3,2,240.0,160.0,0,0,0,0,hold,hold,1.2224938875305624,1.9559902200488997,0.254278728606357,0.15892420537897312
409,2026-08-27 11:19:26,117.65897,121.77846,3,2,240.0,160.0,0,0,1,0,hold,hold,1.2195121951219512,1.951219512195122,0.25609756097560976,0.15853658536585366
410,2026-08-27 11:24:26,113.43803,119.66315,3,2,240.0,160.0,0,0,1,0,hold,hold,1.2165450121654502,1.9464720194647203,0.25790754257907544,0.15815085158150852
411,2026-08-27 11:29:26,110.272316,116.63489,3,2,240.0,160.0,0,0,1,0,hold,hold,1.2135922330097086,1.9417475728155338,0.25970873786407767,0.15776699029126212
412,2026-08-27 11:34:26,90.57455,113.758934,3,2,240.0,160.0,0,0,1,0,hold,hold,1.2106537530266344,1.937046004842615,0.26150121065375304,0.15738498789346247
413,2026-08-27 11:39:26,117.39517,106.21412,3,2,240.0,160.0,0,0,1,0,hold,hold,1.2077294685990339,1.932367149758454,0.2632850241545894,0.1570048309178744
414,2026-08-27 11:44:26,113.43803,107.9916,3,2,240.0,160.0,0,0,1,0,hold,hold,1.2048192771084338,1.9277108433734942,0.2650602409638554,0.1566265060240964
415,2026-08-27 11:49:26,110.79993,109.70131,3,2,240.0,160.0,0,0,1,0,hold,hold,1.201923076923077,1.9230769230769231,0.2668269230769231,0.15625
416,2026-08-27 11:54:26,116.076126,110.24473,3,2,240.0,160.0,0,0,1,0,hold,hold,1.1990407673860912,1.9184652278177456,0.2685851318944844,0.15587529976019185
417,2026-08-27 11:59:26,114.31739,111.97637,3,2,240.0,160.0,0,0,1,0,hold,hold,1.1961722488038278,1.9138755980861244,0.27033492822966504,0.15550239234449761
418,2026-08-27 12:04:26,116.076126,112.81161,3,2,240.0,160.0,0,0,1,0,hold,hold,1.1933174224343674,1.9093078758949882,0.2720763723150358,0.15513126491646778
419,2026-08-27 12:09:26,114.75708,113.88595,3,2,240.0,160.0,0,0,1,0,hold,hold,1.1904761904761905,1.9047619047619049,0.2738095238095238,0.15476190476190477
420,2026-08-27 12:14:26,113.43803,113.92348,3,2,240.0,160.0,0,0,1,0,hold,hold,1.187648456057007,1.9002375296912115,0.2755344418052256,0.1543942992874109
421,2026-08-27 12:19:26,108.16184,113.51163,3,2,240.0,160.0,0,0,1,0,hold,hold,1.1848341232227488,1.8957345971563981,0.27725118483412325,0.15402843601895733
422,2026-08-27 12:24:26,104.204704,111.59679,3,2,240.0,160.0,0,0,1,0,hold,hold,1.1820330969267139,1.8912529550827424,0.2789598108747045,0.1536643026004728
423,2026-08-27 12:29:26,102.006294,108.85754,3,2,240.0,160.0,0,0,1,0,hold,hold,1.179245283018868,1.8867924528301887,0.2806603773584906,0.15330188679245282
424,2026-08-27 12:34:26,96.29042,106.280624,3,2,240.0,160.0,0,0,1,0,hold,hold,1.1764705882352942,1.8823529411764703,0.2823529411764706,0.15294117647058825
425,2026-08-27 12:39:26,118.71422,102.9435,3,2,240.0,160.0,0,0,1,0,hold,hold,1.1737089201877933,1.8779342723004695,0.284037558685446,0.15258215962441313
426,2026-08-27 12:44:26,139.15944,106.98301,3,2,240.0,160.0,0,0,0,0,hold,hold,1.1709601873536302,1.873536299765808,0.28337236533957844,0.1522248243559719
427,2026-08-27 12:49:26,139.15944,117.23449,3,2,240.0,160.0,0,0,0,0,hold,hold,1.1682242990654206,1.8691588785046727,0.2827102803738318,0.15186915887850466
428,2026-08-27 12:54:26,119.1539,125.49294,3,2,240.0,160.0,0,0,1,0,hold,hold,1.1655011655011656,1.8648018648018647,0.2843822843822844,0.15151515151515152
429,2026-08-27 12:59:26,134.54279,124.34957,3,2,240.0,160.0,0,0,0,0,hold,hold,1.1627906976744187,1.8604651162790697,0.2837209302325581,0.1511627906976744
430,2026-08-27 13:04:26,102.88566,126.84527,3,2,240.0,160.0,0,0,1,0,hold,hold,1.160092807424594,1.8561484918793503,0.2853828306264501,0.15081206496519722
431,2026-08-27 13:09:26,131.90468,119.054115,3,2,240.0,160.0,0,0,0,0,hold,hold,1.1574074074074074,1.8518518518518516,0.2847222222222222,0.15046296296296297
432,2026-08-27 13:14:26,107.28248,121.08476,3,2,240.0,160.0,0,0,1,0,hold,hold,1.1547344110854503,1.8475750577367205,0.2863741339491917,0.15011547344110854
433,2026-08-27 13:19:26,105.52375,116.29066,3,2,240.0,160.0,0,0,1,0,hold,hold,1.1520737327188941,1.8433179723502304,0.28801843317972353,0.14976958525345624
434,2026-08-27 13:24:26,128.38724,111.78141,3,2,240.0,160.0,0,0,0,0,hold,hold,1.1494252873563218,1.839080459770115,0.28735632183908044,0.14942528735632182
435,2026-08-27 13:29:26,89.167564,115.71208,2,2,160.0,160.0,0,0,0,0,scale_down -1,hold,1.146788990825688,1.834862385321101,0.286697247706422,0.14908256880733944
436,2026-08-27 13:34:26,87.936455,107.96616,2,2,160.0,160.0,0,0,0,0,hold,hold,1.1441647597254003,1.8306636155606408,0.28604118993135014,0.14874141876430205
437,2026-08-27 13:39:26,87.05709,101.079544,2,2,160.0,160.0,0,0,0,0,hold,hold,1.141552511415525,1.82648401826484,0.28538812785388123,0.14840182648401826
438,2026-08-27 13:44:26,102.88566,95.92733,2,2,160.0,160.0,0,0,0,0,hold,hold,1.1389521640091116,1.8223234624145785,0.2847380410022779,0.14806378132118453
439,2026-08-27 13:49:26,92.33328,97.37865,2,2,160.0,160.0,0,0,0,0,hold,hold,1.1363636363636365,1.8181818181818181,0.28409090909090906,0.14772727272727273
440,2026-08-27 13:54:26,84.419,96.69457,2,2,160.0,160.0,0,0,0,0,hold,hold,1.1337868480725624,1.8140589569160999,0.2834467120181406,0.14739229024943312
441,2026-08-27 13:59:26,81.78091,93.590004,2,2,160.0,160.0,0,0,0,0,hold,hold,1.1312217194570136,1.809954751131222,0.2828054298642534,0.14705882352941177
442,2026-08-27 14:04:26,96.0266,90.73938,2,2,160.0,160.0,0,0,0,0,hold,hold,1.1286681715575622,1.805869074492099,0.28216704288939054,0.14672686230248308
443,2026-08-27 14:09:26,92.33328,92.44272,2,2,160.0,160.0,0,0,0,0,hold,hold,1.1261261261261262,1.8018018018018018,0.28153153153153154,0.1463963963963964
444,2026-08-27 14:14:26,114.75708,93.52953,2,2,160.0,160.0,0,0,0,0,hold,hold,1.1235955056179776,1.7977528089887642,0.2808988764044944,0.14606741573033707
445,2026-08-27 14:19:26,91.01424,100.23544,2,2,160.0,160.0,0,0,0,0,hold,hold,1.1210762331838564,1.7937219730941705,0.28026905829596416,0.14573991031390135
446,2026-08-27 14:24:26,105.52375,99.461,2,2,160.0,160.0,0,0,0,0,hold,hold,1.1185682326621924,1.7897091722595078,0.2796420581655481,0.14541387024608501
447,2026-08-27 14:29:26,95.6309,101.637474,2,2,160.0,160.0,0,0,0,0,hold,hold,1.1160714285714286,1.7857142857142856,0.27901785714285715,0.14508928571428573
448,2026-08-27 14:34:26,81.78091,100.77216,2,2,160.0,160.0,0,0,0,0,hold,hold,1.1135857461024499,1.7817371937639197,0.27839643652561247,0.1447661469933185
449,2026-08-27 14:39:26,84.419,95.7,2,2,160.0,160.0,0,0,0,0,hold,hold,1.1111111111111112,1.7777777777777777,0.2777777777777778,0.14444444444444443
450,2026-08-27 14:44:26,85.29836,92.28742,2,2,160.0,160.0,0,0,0,0,hold,hold,1.1086474501108647,1.7738359201773837,0.2771618625277162,0.14412416851441243
451,2026-08-27 14:49:26,89.695175,90.286064,2,2,160.0,160.0,0,0,0,0,hold,hold,1.1061946902654867,1.7699115044247788,0.2765486725663717,0.14380530973451328
452,2026-08-27 14:54:26,89.695175,90.67356,2,2,160.0,160.0,0,0,0,0,hold,hold,1.1037527593818985,1.7660044150110374,0.2759381898454746,0.1434878587196468
